platform;mode_preference;player_tenure;hours_per_week;days_played_last_7;battle_pass;cosmetic_purchase;matchmaking_satisfaction;weapon_balance_satisfaction;map_update_satisfaction;performance_satisfaction;overall_satisfaction;nps_score;churn_risk;matchmaking_version;Player ID
PlayStation;Ranked;1-3 years;3-May;3;No;No;5;2;3;3;8;10;3;B;1
Mobile;Battle Royale;1-3 years;6-Oct;1;No;No;2;3;5;4;7;7;2;A;2
Xbox;Battle Royale;<1 month;6-Oct;3;No;No;4;1;2;2;2;4;3;B;3
PlayStation;Battle Royale;6-12 months;3-May;1;Yes;No;1;2;3;5;6;8;2;A;4
PC;Battle Royale;3+ years;6-Oct;3;No;Yes;5;2;4;5;9;9;3;A;5
PC;Limited Time Events;3+ years;20+;7;Yes;Yes;2;4;1;3;5;4;2;B;6
PC;Battle Royale;1-3 years;Nov-20;4;Yes;Yes;4;5;3;5;10;10;2;A;7
Nintendo Switch;Creative;3+ years;Nov-20;5;Yes;Yes;1;1;3;5;6;7;3;A;8
Xbox;Battle Royale;<1 month;20+;6;No;Yes;2;1;5;1;5;6;3;A;9
Xbox;Ranked;<1 month;3-May;1;No;No;2;1;3;5;6;7;2;B;10
PC;Creative;1-3 years;6-Oct;2;No;No;1;2;5;4;6;7;1;A;11
Mobile;Ranked;1-3 years;20+;6;Yes;Yes;1;4;1;3;2;2;3;A;12
Nintendo Switch;Ranked;1-3 years;3-May;3;No;No;4;3;1;2;4;5;2;B;13
PC;Ranked;6-12 months;Nov-20;3;Yes;Yes;3;2;4;2;6;7;3;A;14
PC;Battle Royale;3+ years;6-Oct;3;No;No;4;3;5;1;5;0;3;A;15
PC;Limited Time Events;1-3 years;6-Oct;3;No;Yes;2;4;5;2;6;8;3;A;16
PC;Creative;1-6 months;6-Oct;2;No;No;2;5;2;2;4;2;5;B;17
PlayStation;Limited Time Events;1-6 months;20+;7;No;No;1;1;2;3;5;5;3;A;18
PlayStation;Battle Royale;<1 month;Nov-20;4;Yes;Yes;1;3;4;3;7;7;1;A;19
PC;Creative;3+ years;0-2;0;No;Yes;2;2;1;4;3;3;5;B;20
Xbox;Limited Time Events;1-3 years;Nov-20;4;Yes;Yes;4;3;2;1;5;6;1;B;21
PC;Battle Royale;1-6 months;3-May;1;No;Yes;4;5;3;2;6;8;2;B;22
PC;Battle Royale;3+ years;3-May;2;No;Yes;5;1;1;4;6;7;1;A;23
PlayStation;Creative;<1 month;6-Oct;3;No;No;3;3;3;1;5;1;1;B;24
PlayStation;Ranked;6-12 months;6-Oct;1;No;No;1;5;5;2;7;7;2;B;25
Xbox;Creative;3+ years;6-Oct;3;No;No;5;2;1;2;5;2;1;B;26
PC;Battle Royale;3+ years;20+;6;No;No;5;4;4;3;10;10;3;A;27
PlayStation;Creative;6-12 months;Nov-20;4;Yes;No;5;2;5;5;7;7;1;B;28
PlayStation;Battle Royale;3+ years;6-Oct;3;No;No;4;1;5;1;3;0;1;B;29
PC;Battle Royale;<1 month;0-2;1;No;No;5;2;3;2;6;7;1;B;30
Xbox;Battle Royale;<1 month;20+;6;No;Yes;4;2;5;1;4;1;3;B;31
PC;Creative;6-12 months;20+;6;Yes;No;4;2;2;4;4;0;3;B;32
PC;Ranked;1-3 years;Nov-20;3;Yes;Yes;4;2;1;4;5;5;3;A;33
Mobile;Ranked;1-6 months;0-2;2;No;No;4;1;2;5;5;5;5;A;34
Mobile;Battle Royale;1-3 years;0-2;0;Yes;No;5;5;3;2;6;8;2;B;35
Nintendo Switch;Creative;3+ years;3-May;0;Yes;No;3;3;3;3;7;7;3;B;36
PC;Battle Royale;1-6 months;0-2;0;Yes;No;2;4;1;2;4;4;4;B;37
PC;Creative;6-12 months;3-May;1;No;No;2;3;5;1;5;3;5;A;38
Xbox;Ranked;6-12 months;20+;5;Yes;No;5;3;4;4;9;9;3;A;39
PlayStation;Battle Royale;1-6 months;6-Oct;1;Yes;No;3;4;3;1;5;5;4;A;40
PC;Ranked;<1 month;0-2;0;No;Yes;4;1;1;5;6;8;1;A;41
PlayStation;Battle Royale;1-6 months;3-May;0;No;No;4;4;4;4;8;9;1;B;42
PC;Creative;3+ years;0-2;0;No;No;2;1;5;3;3;0;4;B;43
Mobile;Ranked;<1 month;0-2;0;No;No;3;3;3;4;4;3;5;B;44
PC;Battle Royale;6-12 months;3-May;0;Yes;No;1;1;1;2;3;0;4;B;45
Xbox;Creative;1-6 months;3-May;2;No;No;1;5;1;2;5;0;4;A;46
PC;Battle Royale;1-3 years;Nov-20;5;Yes;Yes;3;4;1;4;8;9;1;B;47
PlayStation;Ranked;1-3 years;20+;7;Yes;Yes;5;5;3;5;9;10;3;A;48
PlayStation;Limited Time Events;3+ years;3-May;3;No;No;5;3;4;2;8;9;1;A;49
PC;Ranked;1-3 years;6-Oct;3;No;No;4;4;1;2;5;2;2;B;50
Mobile;Battle Royale;1-6 months;Nov-20;5;Yes;No;1;3;5;3;6;8;3;A;51
Xbox;Limited Time Events;1-6 months;3-May;1;No;No;4;5;1;4;9;9;3;A;52
Mobile;Ranked;1-3 years;3-May;2;Yes;No;2;3;4;2;3;5;5;B;53
Nintendo Switch;Battle Royale;1-6 months;Nov-20;6;Yes;No;2;4;3;5;8;10;2;A;54
PlayStation;Battle Royale;3+ years;0-2;1;Yes;Yes;5;4;1;1;8;9;1;A;55
Mobile;Creative;<1 month;6-Oct;3;Yes;No;5;3;1;4;7;8;2;B;56
PC;Ranked;3+ years;6-Oct;1;No;Yes;2;4;5;3;8;10;3;A;57
PC;Ranked;3+ years;3-May;0;Yes;No;4;4;5;2;7;7;1;A;58
PC;Creative;1-6 months;3-May;1;No;Yes;5;3;1;5;7;8;2;B;59
PC;Creative;<1 month;Nov-20;4;Yes;Yes;3;5;1;4;7;7;1;A;60
PlayStation;Battle Royale;1-6 months;0-2;0;Yes;No;1;4;5;5;5;4;4;B;61
PC;Battle Royale;6-12 months;3-May;3;No;Yes;4;4;4;5;7;8;1;A;62
Nintendo Switch;Battle Royale;1-6 months;Nov-20;4;Yes;Yes;2;4;2;3;5;0;1;A;63
PlayStation;Creative;1-6 months;6-Oct;2;No;Yes;5;4;2;4;8;10;2;B;64
PC;Battle Royale;1-6 months;0-2;0;No;No;5;3;1;2;6;7;3;B;65
PlayStation;Ranked;<1 month;Nov-20;4;No;Yes;1;5;5;3;7;7;3;A;66
PC;Creative;1-6 months;3-May;1;Yes;No;3;5;3;2;7;8;2;B;67
Nintendo Switch;Creative;<1 month;Nov-20;2;Yes;No;1;1;3;1;3;1;5;A;68
PC;Battle Royale;1-3 years;Nov-20;5;Yes;No;5;4;2;5;10;9;1;B;69
Mobile;Creative;6-12 months;6-Oct;3;Yes;Yes;5;4;4;1;7;7;1;A;70
Xbox;Battle Royale;<1 month;6-Oct;3;Yes;No;5;1;2;5;7;8;1;A;71
PC;Creative;1-3 years;20+;7;No;No;5;5;1;3;7;8;2;A;72
PC;Battle Royale;<1 month;0-2;1;No;No;2;2;4;2;5;6;5;A;73
Nintendo Switch;Battle Royale;<1 month;Nov-20;3;Yes;Yes;3;2;3;2;4;2;1;A;74
Xbox;Creative;6-12 months;3-May;2;No;No;5;5;5;3;10;10;2;B;75
Xbox;Battle Royale;3+ years;3-May;1;Yes;No;5;4;5;4;8;9;1;B;76
Xbox;Battle Royale;3+ years;3-May;1;Yes;No;4;2;1;1;3;0;5;A;77
PC;Creative;<1 month;20+;7;Yes;Yes;3;3;2;1;5;4;3;A;78
PlayStation;Creative;1-6 months;20+;7;No;Yes;1;3;1;2;4;5;2;B;79
PC;Ranked;1-3 years;3-May;1;No;Yes;3;1;5;2;5;4;4;B;80
Nintendo Switch;Ranked;1-6 months;0-2;1;No;Yes;3;5;3;2;7;8;1;B;81
Xbox;Ranked;1-6 months;Nov-20;3;Yes;Yes;3;5;5;3;7;8;1;B;82
PC;Battle Royale;<1 month;6-Oct;3;No;No;5;2;4;4;7;8;1;B;83
PC;Battle Royale;<1 month;0-2;0;No;Yes;5;4;5;1;8;9;3;A;84
PC;Battle Royale;<1 month;6-Oct;1;No;No;2;5;5;5;10;10;3;A;85
PC;Limited Time Events;<1 month;6-Oct;2;No;No;2;2;4;3;6;8;3;B;86
Xbox;Ranked;3+ years;20+;7;Yes;No;5;2;2;1;4;5;3;B;87
Xbox;Ranked;<1 month;3-May;2;No;No;3;5;5;4;10;9;2;B;88
Nintendo Switch;Ranked;3+ years;6-Oct;2;No;Yes;2;2;1;3;3;5;4;B;89
PlayStation;Limited Time Events;3+ years;6-Oct;3;No;No;2;1;5;1;3;6;3;B;90
PC;Battle Royale;<1 month;Nov-20;2;Yes;Yes;2;1;1;3;1;5;5;B;91
Xbox;Ranked;6-12 months;6-Oct;1;No;No;4;5;4;1;8;10;2;B;92
Xbox;Ranked;1-3 years;6-Oct;1;Yes;Yes;4;4;5;1;5;6;4;B;93
PlayStation;Ranked;1-6 months;3-May;2;No;No;4;1;4;4;6;8;1;B;94
Xbox;Battle Royale;3+ years;Nov-20;4;Yes;Yes;2;1;4;5;5;0;3;A;95
PlayStation;Creative;1-3 years;6-Oct;2;No;Yes;5;5;2;4;9;10;3;B;96
PlayStation;Limited Time Events;6-12 months;0-2;1;No;No;1;3;5;1;4;1;5;B;97
PlayStation;Ranked;1-6 months;6-Oct;4;No;No;3;2;1;3;3;4;1;A;98
PC;Ranked;1-6 months;3-May;1;No;Yes;5;1;1;4;6;8;3;A;99
PC;Limited Time Events;3+ years;0-2;0;No;No;2;3;5;5;6;8;3;A;100
PC;Creative;<1 month;Nov-20;5;Yes;No;5;4;2;1;5;0;3;B;101
Xbox;Battle Royale;6-12 months;6-Oct;2;No;No;1;3;2;4;3;3;4;B;102
PC;Ranked;3+ years;Nov-20;5;Yes;No;4;5;2;4;6;8;1;B;103
PlayStation;Ranked;6-12 months;3-May;1;Yes;No;5;4;1;4;7;8;3;B;104
Mobile;Ranked;<1 month;Nov-20;3;Yes;Yes;5;4;4;4;7;8;1;A;105
PC;Creative;<1 month;0-2;1;Yes;No;2;3;2;3;3;5;4;B;106
PlayStation;Limited Time Events;3+ years;3-May;1;No;No;5;5;1;5;8;10;1;B;107
Xbox;Limited Time Events;<1 month;20+;6;No;Yes;2;1;1;5;4;3;3;A;108
PC;Ranked;1-3 years;Nov-20;5;Yes;Yes;4;3;4;1;8;9;1;B;109
PC;Battle Royale;1-6 months;6-Oct;1;No;No;5;1;5;2;8;10;1;B;110
PC;Limited Time Events;3+ years;3-May;1;Yes;Yes;4;3;5;3;6;7;2;B;111
PC;Creative;6-12 months;Nov-20;3;Yes;No;1;1;2;1;3;4;2;B;112
Mobile;Battle Royale;1-3 years;6-Oct;0;No;Yes;1;3;2;1;4;2;5;A;113
Nintendo Switch;Limited Time Events;3+ years;Nov-20;4;Yes;Yes;2;4;4;4;6;7;1;A;114
Xbox;Creative;<1 month;Nov-20;4;Yes;Yes;4;2;2;2;4;0;1;A;115
Nintendo Switch;Ranked;<1 month;0-2;1;Yes;Yes;1;4;4;2;5;6;4;A;116
Nintendo Switch;Ranked;<1 month;0-2;0;Yes;Yes;2;1;1;3;4;1;5;B;117
PC;Battle Royale;<1 month;6-Oct;1;Yes;Yes;2;5;2;2;5;1;5;B;118
Nintendo Switch;Battle Royale;6-12 months;3-May;0;Yes;Yes;4;4;1;1;5;1;4;B;119
PlayStation;Battle Royale;1-3 years;3-May;2;No;Yes;3;2;3;2;4;4;5;A;120
Nintendo Switch;Creative;1-6 months;20+;5;Yes;Yes;4;1;4;2;4;3;2;A;121
Nintendo Switch;Battle Royale;6-12 months;6-Oct;4;No;No;3;4;3;5;8;10;2;A;122
PC;Battle Royale;6-12 months;Nov-20;5;No;No;2;3;2;1;4;3;2;B;123
PC;Battle Royale;1-6 months;6-Oct;2;Yes;Yes;1;5;1;2;3;1;5;B;124
PC;Ranked;1-6 months;6-Oct;1;No;No;5;1;2;2;6;8;3;A;125
PlayStation;Limited Time Events;<1 month;0-2;1;Yes;No;2;4;3;4;5;0;4;A;126
Nintendo Switch;Battle Royale;6-12 months;3-May;1;Yes;Yes;2;1;2;2;2;0;5;B;127
Nintendo Switch;Battle Royale;3+ years;3-May;0;No;Yes;2;3;5;2;5;5;4;B;128
PC;Creative;1-6 months;3-May;2;Yes;No;5;2;3;5;7;7;3;B;129
PlayStation;Ranked;1-6 months;Nov-20;4;Yes;Yes;3;4;2;1;4;4;1;A;130
PlayStation;Battle Royale;1-3 years;3-May;2;No;Yes;2;1;1;3;6;8;1;A;131
PC;Ranked;3+ years;6-Oct;2;No;Yes;1;1;2;1;2;4;5;A;132
PC;Battle Royale;3+ years;3-May;0;No;No;4;1;1;4;8;10;3;A;133
PC;Battle Royale;1-6 months;0-2;2;Yes;No;5;2;5;1;7;7;2;B;134
Mobile;Ranked;<1 month;6-Oct;3;Yes;Yes;4;1;2;2;5;5;3;B;135
PC;Ranked;1-3 years;3-May;1;No;No;3;5;5;4;9;10;3;B;136
PlayStation;Limited Time Events;3+ years;3-May;1;Yes;No;4;5;3;1;9;9;1;A;137
Xbox;Battle Royale;1-6 months;0-2;0;No;No;5;1;1;4;5;0;5;B;138
PlayStation;Ranked;3+ years;3-May;0;Yes;No;2;5;3;3;5;6;5;B;139
Mobile;Ranked;1-3 years;Nov-20;5;Yes;No;2;4;1;1;3;3;2;B;140
Mobile;Battle Royale;1-3 years;3-May;0;Yes;Yes;4;5;5;2;7;8;2;B;141
PC;Ranked;6-12 months;3-May;0;No;No;5;1;4;4;5;2;5;B;142
PlayStation;Battle Royale;1-6 months;6-Oct;5;No;Yes;3;3;2;5;7;8;3;A;143
PC;Limited Time Events;1-3 years;3-May;0;No;No;4;4;5;4;10;10;2;B;144
PC;Battle Royale;6-12 months;Nov-20;6;Yes;Yes;4;2;1;5;6;7;3;B;145
PC;Ranked;6-12 months;6-Oct;2;No;No;5;1;1;2;4;2;5;A;146
Xbox;Battle Royale;3+ years;6-Oct;2;No;Yes;2;2;1;3;4;0;4;A;147
PlayStation;Limited Time Events;3+ years;6-Oct;1;No;No;2;3;1;5;7;7;1;B;148
PC;Ranked;6-12 months;3-May;2;No;No;4;2;2;3;4;1;4;B;149
PC;Ranked;3+ years;6-Oct;1;Yes;No;2;1;3;4;6;7;3;B;150
Mobile;Battle Royale;1-3 years;3-May;0;Yes;No;3;1;4;2;7;8;2;B;151
PC;Creative;<1 month;Nov-20;5;Yes;Yes;4;3;2;5;8;9;3;A;152
PC;Battle Royale;1-3 years;3-May;0;Yes;Yes;2;1;1;4;4;3;5;B;153
PlayStation;Creative;6-12 months;6-Oct;3;No;No;2;3;2;1;5;1;2;A;154
Mobile;Battle Royale;6-12 months;6-Oct;1;No;No;2;3;5;4;8;9;1;B;155
PC;Battle Royale;1-3 years;0-2;1;No;No;1;1;1;3;2;2;4;B;156
Xbox;Battle Royale;3+ years;3-May;3;No;No;2;5;4;2;5;5;2;B;157
Xbox;Ranked;3+ years;Nov-20;3;No;Yes;5;3;1;2;4;6;2;A;158
PC;Ranked;6-12 months;Nov-20;2;Yes;Yes;3;1;4;4;6;7;2;B;159
Xbox;Battle Royale;1-6 months;3-May;3;Yes;Yes;3;5;4;1;7;7;3;B;160
PlayStation;Creative;3+ years;Nov-20;5;Yes;Yes;4;3;3;3;5;5;3;A;161
Xbox;Ranked;1-3 years;20+;6;Yes;No;2;5;3;4;7;7;1;B;162
Xbox;Ranked;3+ years;Nov-20;4;Yes;No;1;4;2;4;4;3;2;A;163
PlayStation;Ranked;1-3 years;0-2;0;No;No;5;4;2;2;5;4;5;B;164
PC;Ranked;6-12 months;Nov-20;5;Yes;No;4;5;4;3;8;9;1;A;165
Nintendo Switch;Ranked;3+ years;3-May;0;No;Yes;1;3;1;1;2;6;5;A;166
PC;Battle Royale;1-3 years;20+;5;No;Yes;3;1;5;2;5;3;1;A;167
PC;Battle Royale;6-12 months;6-Oct;2;Yes;No;2;2;5;4;5;6;5;B;168
PC;Creative;1-6 months;0-2;0;Yes;Yes;3;1;1;2;4;4;5;A;169
PlayStation;Limited Time Events;1-3 years;Nov-20;3;Yes;No;4;2;1;2;5;4;3;A;170
Xbox;Battle Royale;1-6 months;3-May;1;No;No;3;2;3;5;5;5;4;B;171
PC;Battle Royale;1-6 months;20+;6;No;No;5;3;5;2;7;8;2;A;172
PlayStation;Ranked;<1 month;20+;5;Yes;Yes;5;5;4;2;7;7;2;B;173
PC;Ranked;3+ years;6-Oct;3;No;No;4;1;2;3;4;5;3;B;174
Xbox;Battle Royale;1-3 years;0-2;1;No;Yes;3;5;3;2;5;4;5;A;175
PC;Battle Royale;1-6 months;6-Oct;2;No;Yes;3;4;5;1;8;10;3;A;176
Xbox;Creative;<1 month;0-2;0;No;No;2;3;1;4;4;5;5;B;177
PlayStation;Ranked;6-12 months;0-2;0;No;No;4;3;5;3;7;8;3;A;178
Mobile;Battle Royale;1-3 years;Nov-20;5;Yes;Yes;2;4;4;2;7;7;1;A;179
PC;Battle Royale;1-6 months;3-May;2;No;No;3;1;3;1;7;7;3;A;180
PC;Battle Royale;3+ years;3-May;2;No;Yes;3;4;1;4;5;5;5;A;181
PC;Ranked;<1 month;20+;6;Yes;No;1;1;4;3;5;4;2;B;182
Mobile;Battle Royale;1-6 months;3-May;0;No;No;2;2;2;1;3;4;5;B;183
Nintendo Switch;Battle Royale;3+ years;3-May;2;No;Yes;4;3;3;2;5;2;4;A;184
PC;Creative;1-6 months;20+;6;Yes;No;5;1;4;5;7;8;3;B;185
Xbox;Battle Royale;1-3 years;0-2;1;Yes;Yes;1;5;4;5;6;8;1;A;186
Nintendo Switch;Ranked;1-3 years;Nov-20;5;Yes;No;4;5;1;3;7;8;2;A;187
PlayStation;Battle Royale;1-3 years;20+;7;Yes;No;5;3;2;1;4;5;2;A;188
PlayStation;Battle Royale;<1 month;20+;6;Yes;Yes;3;4;4;4;8;10;3;A;189
PC;Battle Royale;1-3 years;6-Oct;2;No;No;4;4;3;1;5;4;5;B;190
PC;Creative;3+ years;3-May;2;Yes;No;2;1;4;5;7;8;3;A;191
Nintendo Switch;Creative;1-6 months;3-May;0;Yes;No;5;4;5;3;8;10;3;B;192
Mobile;Creative;6-12 months;Nov-20;3;Yes;Yes;3;3;3;2;5;6;3;A;193
Xbox;Battle Royale;3+ years;Nov-20;3;Yes;Yes;3;1;3;1;4;5;2;B;194
PC;Ranked;3+ years;6-Oct;2;Yes;Yes;2;2;4;5;5;1;4;B;195
PC;Battle Royale;1-3 years;3-May;1;No;Yes;5;4;1;4;6;7;2;B;196
Xbox;Battle Royale;<1 month;0-2;0;No;Yes;3;4;3;3;6;8;2;B;197
Nintendo Switch;Creative;1-6 months;0-2;0;No;No;1;1;5;2;3;2;5;A;198
Nintendo Switch;Battle Royale;<1 month;Nov-20;5;Yes;Yes;1;5;1;1;2;4;2;B;199
Xbox;Battle Royale;1-6 months;6-Oct;3;No;No;4;4;1;4;8;9;1;A;200
Xbox;Battle Royale;1-6 months;20+;7;No;Yes;5;3;1;2;5;2;2;B;201
PC;Battle Royale;<1 month;Nov-20;3;Yes;Yes;3;4;3;5;8;10;3;B;202
PC;Battle Royale;3+ years;3-May;2;Yes;No;1;2;1;5;6;7;3;B;203
Nintendo Switch;Ranked;1-6 months;6-Oct;2;No;Yes;1;4;4;4;5;1;4;A;204
Xbox;Ranked;<1 month;6-Oct;1;No;No;4;5;1;5;7;7;1;B;205
PC;Creative;1-6 months;6-Oct;3;No;No;5;4;5;3;10;10;2;A;206
PC;Creative;6-12 months;Nov-20;3;Yes;Yes;5;1;2;4;8;9;2;A;207
Xbox;Battle Royale;3+ years;Nov-20;3;Yes;Yes;4;4;5;5;9;9;1;A;208
PC;Battle Royale;1-3 years;Nov-20;2;Yes;Yes;2;5;3;1;5;4;5;B;209
PC;Battle Royale;1-6 months;3-May;1;Yes;Yes;2;1;1;5;4;1;5;B;210
PlayStation;Ranked;6-12 months;0-2;1;No;No;2;3;1;3;5;0;4;B;211
Xbox;Battle Royale;1-3 years;Nov-20;5;Yes;Yes;5;1;4;2;5;5;1;B;212
Xbox;Ranked;1-3 years;0-2;0;No;Yes;1;2;1;2;1;5;4;B;213
PC;Ranked;1-6 months;3-May;0;Yes;No;3;1;5;5;5;3;5;B;214
Xbox;Ranked;<1 month;0-2;2;No;No;4;3;3;2;5;1;5;B;215
PC;Ranked;1-6 months;6-Oct;1;No;No;1;4;2;5;5;4;4;A;216
PC;Battle Royale;6-12 months;3-May;0;No;No;4;1;1;3;5;3;5;B;217
Xbox;Limited Time Events;1-3 years;6-Oct;2;No;No;3;1;2;2;3;6;4;A;218
Xbox;Creative;1-6 months;20+;6;No;No;4;1;1;1;3;6;1;A;219
Nintendo Switch;Battle Royale;<1 month;0-2;3;No;No;4;1;3;5;8;10;2;B;220
Xbox;Creative;1-6 months;0-2;1;No;Yes;5;3;5;2;7;8;1;B;221
PlayStation;Ranked;3+ years;3-May;1;No;No;1;5;3;3;6;7;1;A;222
PC;Creative;<1 month;Nov-20;3;Yes;Yes;5;5;2;3;8;9;2;A;223
PlayStation;Creative;6-12 months;3-May;1;No;No;3;1;1;1;3;4;4;B;224
PC;Ranked;1-3 years;3-May;2;No;Yes;2;3;2;3;7;8;1;A;225
PC;Battle Royale;1-6 months;0-2;1;No;No;5;3;5;3;7;8;2;A;226
Mobile;Battle Royale;<1 month;Nov-20;3;Yes;Yes;1;1;3;2;3;3;2;A;227
PlayStation;Ranked;3+ years;6-Oct;3;No;No;4;2;2;5;5;1;3;A;228
Nintendo Switch;Ranked;<1 month;Nov-20;4;Yes;Yes;3;1;2;4;4;4;2;B;229
Xbox;Battle Royale;3+ years;20+;7;No;No;4;2;5;3;7;7;2;B;230
Xbox;Battle Royale;6-12 months;3-May;1;No;No;5;1;1;3;6;7;1;A;231
PlayStation;Creative;1-3 years;Nov-20;3;Yes;Yes;5;2;2;4;8;10;1;A;232
PlayStation;Limited Time Events;6-12 months;0-2;0;No;No;2;2;5;3;4;1;5;A;233
PlayStation;Ranked;1-6 months;Nov-20;5;Yes;Yes;1;1;1;2;4;5;1;B;234
PC;Battle Royale;<1 month;6-Oct;2;No;No;4;2;1;2;2;3;5;B;235
Xbox;Battle Royale;3+ years;Nov-20;3;Yes;Yes;2;4;3;4;7;7;2;A;236
PC;Battle Royale;3+ years;0-2;0;Yes;No;4;5;5;3;8;9;2;A;237
PC;Limited Time Events;<1 month;3-May;1;No;Yes;3;3;1;3;6;7;1;A;238
Xbox;Battle Royale;<1 month;3-May;1;No;No;5;2;3;5;6;8;2;B;239
PC;Ranked;1-6 months;3-May;1;No;No;2;2;4;3;7;7;2;A;240
Mobile;Battle Royale;6-12 months;3-May;0;No;No;5;3;5;2;6;7;3;A;241
Mobile;Ranked;3+ years;3-May;3;No;No;5;2;4;1;5;2;3;A;242
Mobile;Ranked;1-6 months;0-2;0;No;No;5;3;1;1;4;0;5;A;243
PlayStation;Creative;6-12 months;6-Oct;2;No;Yes;1;1;5;1;2;5;5;A;244
PC;Battle Royale;1-6 months;Nov-20;5;Yes;Yes;5;4;3;1;6;7;2;B;245
Mobile;Battle Royale;3+ years;6-Oct;0;No;No;4;4;1;3;8;10;2;B;246
PlayStation;Battle Royale;<1 month;0-2;1;No;Yes;5;5;5;3;10;9;2;B;247
Mobile;Limited Time Events;<1 month;6-Oct;2;No;No;3;2;5;5;8;9;3;A;248
Mobile;Creative;6-12 months;0-2;1;Yes;No;5;5;4;3;10;9;2;B;249
Nintendo Switch;Ranked;1-3 years;20+;6;Yes;No;5;1;1;1;4;6;2;A;250
PC;Ranked;6-12 months;0-2;1;No;No;3;4;3;4;7;7;2;B;251
PlayStation;Ranked;1-3 years;Nov-20;4;Yes;No;2;1;3;4;4;3;2;B;252
Nintendo Switch;Battle Royale;1-6 months;20+;6;Yes;No;3;1;1;2;4;3;2;A;253
PC;Limited Time Events;1-6 months;Nov-20;3;Yes;No;5;2;1;2;6;8;1;A;254
PC;Ranked;3+ years;6-Oct;4;No;Yes;2;1;2;3;4;1;2;A;255
PlayStation;Battle Royale;1-3 years;Nov-20;4;Yes;Yes;2;4;4;4;6;8;1;B;256
Mobile;Ranked;3+ years;20+;7;Yes;Yes;3;5;1;1;5;6;2;A;257
Xbox;Battle Royale;<1 month;6-Oct;4;No;No;3;4;1;1;5;4;1;B;258
PlayStation;Battle Royale;1-3 years;6-Oct;0;No;Yes;5;2;2;1;4;6;5;B;259
PC;Creative;6-12 months;6-Oct;1;No;No;4;4;2;3;6;7;2;B;260
Xbox;Battle Royale;<1 month;6-Oct;1;No;Yes;2;3;5;3;8;9;2;A;261
Mobile;Ranked;<1 month;6-Oct;2;Yes;No;3;5;3;5;9;10;2;A;262
PC;Battle Royale;6-12 months;6-Oct;2;No;Yes;4;3;4;1;7;8;3;A;263
PlayStation;Battle Royale;<1 month;3-May;1;Yes;No;3;3;5;1;5;2;4;B;264
Nintendo Switch;Battle Royale;1-3 years;0-2;1;No;No;2;2;1;3;4;6;4;B;265
Xbox;Battle Royale;3+ years;0-2;2;Yes;No;1;1;2;3;5;0;4;A;266
Xbox;Creative;<1 month;3-May;2;Yes;No;5;3;3;5;10;10;3;B;267
Xbox;Battle Royale;1-3 years;0-2;0;No;Yes;5;4;5;5;8;10;2;B;268
PlayStation;Ranked;1-6 months;6-Oct;1;Yes;No;4;1;3;2;4;5;4;B;269
PC;Ranked;1-3 years;3-May;1;No;No;1;4;2;4;7;8;1;A;270
Nintendo Switch;Ranked;3+ years;Nov-20;4;Yes;Yes;2;4;5;1;5;1;3;B;271
Nintendo Switch;Limited Time Events;1-3 years;0-2;0;No;Yes;1;1;5;1;3;4;4;B;272
Nintendo Switch;Creative;6-12 months;3-May;0;No;No;1;1;3;5;4;4;4;A;273
Mobile;Battle Royale;3+ years;Nov-20;4;No;No;3;4;2;5;7;7;2;A;274
PlayStation;Battle Royale;1-6 months;6-Oct;2;No;No;2;2;1;2;2;1;5;A;275
PlayStation;Battle Royale;6-12 months;0-2;0;Yes;Yes;2;5;5;4;10;9;2;A;276
Xbox;Ranked;1-3 years;Nov-20;4;Yes;Yes;4;5;1;2;6;8;2;A;277
Xbox;Battle Royale;3+ years;Nov-20;4;No;Yes;3;2;2;4;6;7;3;A;278
Xbox;Ranked;1-6 months;3-May;1;No;No;2;1;5;1;4;1;5;B;279
Xbox;Ranked;6-12 months;3-May;0;No;No;1;4;5;2;7;7;2;B;280
Nintendo Switch;Battle Royale;1-6 months;20+;6;No;Yes;5;5;1;5;9;10;3;B;281
PC;Creative;1-3 years;6-Oct;3;Yes;No;5;4;4;2;8;10;3;B;282
PlayStation;Battle Royale;1-6 months;6-Oct;2;No;No;4;2;1;2;4;0;5;A;283
PC;Battle Royale;<1 month;Nov-20;5;Yes;No;1;4;1;1;3;6;1;B;284
PlayStation;Creative;6-12 months;3-May;0;No;No;4;2;4;5;8;9;1;A;285
PC;Ranked;1-6 months;6-Oct;1;No;Yes;3;1;2;5;5;5;4;A;286
PlayStation;Ranked;1-3 years;3-May;1;No;No;3;2;2;3;5;5;5;B;287
PlayStation;Ranked;1-3 years;Nov-20;3;No;Yes;1;2;5;3;6;7;2;B;288
PC;Battle Royale;1-6 months;6-Oct;1;Yes;Yes;3;5;3;3;8;9;1;A;289
PlayStation;Creative;1-3 years;6-Oct;2;No;No;1;4;3;1;3;0;4;A;290
PC;Creative;3+ years;3-May;0;Yes;Yes;5;5;5;2;9;10;2;A;291
PC;Ranked;3+ years;3-May;0;Yes;No;4;3;3;5;7;8;1;A;292
Nintendo Switch;Battle Royale;3+ years;6-Oct;1;No;No;5;2;1;5;8;10;3;B;293
PlayStation;Ranked;<1 month;Nov-20;4;Yes;No;2;3;1;2;5;2;1;A;294
PC;Battle Royale;1-6 months;6-Oct;3;Yes;No;5;5;4;5;10;9;2;B;295
PlayStation;Battle Royale;<1 month;0-2;1;No;Yes;1;4;4;2;7;7;1;A;296
Xbox;Limited Time Events;1-3 years;Nov-20;4;Yes;Yes;5;5;5;1;9;9;3;A;297
PC;Battle Royale;<1 month;0-2;0;Yes;Yes;1;4;5;1;7;8;3;A;298
Xbox;Limited Time Events;1-3 years;20+;7;No;Yes;3;4;5;1;6;7;3;B;299
PC;Ranked;1-3 years;0-2;0;No;No;5;1;1;2;5;6;5;A;300
PC;Battle Royale;6-12 months;6-Oct;2;Yes;No;5;2;3;2;6;8;3;B;301
PlayStation;Ranked;3+ years;0-2;0;No;No;4;5;5;4;10;9;3;B;302
PlayStation;Creative;1-3 years;20+;6;No;Yes;5;4;5;5;9;9;2;B;303
Xbox;Creative;6-12 months;6-Oct;2;No;No;5;5;1;5;9;10;2;A;304
Xbox;Creative;3+ years;0-2;1;No;No;5;5;1;4;8;10;1;B;305
Mobile;Ranked;1-3 years;3-May;0;No;No;5;4;1;4;6;8;2;B;306
PlayStation;Ranked;1-3 years;3-May;1;No;No;1;3;3;1;5;2;4;A;307
PC;Creative;<1 month;3-May;0;No;No;2;2;5;4;6;8;2;A;308
Xbox;Battle Royale;<1 month;20+;6;Yes;Yes;5;2;2;2;7;8;1;B;309
PC;Ranked;3+ years;6-Oct;1;Yes;Yes;1;1;2;3;2;4;5;B;310
PlayStation;Battle Royale;1-3 years;Nov-20;5;Yes;Yes;4;1;5;2;5;5;2;A;311
PC;Limited Time Events;1-6 months;6-Oct;2;Yes;Yes;2;1;5;4;5;2;5;B;312
PC;Limited Time Events;<1 month;6-Oct;3;Yes;No;5;2;5;5;10;9;1;B;313
Mobile;Battle Royale;3+ years;0-2;2;No;Yes;5;3;5;2;7;7;3;B;314
Nintendo Switch;Creative;1-3 years;3-May;0;No;No;5;2;3;5;8;9;1;A;315
Xbox;Limited Time Events;1-3 years;Nov-20;4;No;Yes;4;2;2;2;4;1;3;B;316
PlayStation;Battle Royale;1-6 months;20+;5;Yes;Yes;3;2;4;5;6;8;3;A;317
PC;Ranked;3+ years;3-May;1;No;No;1;2;2;2;4;3;4;A;318
PC;Limited Time Events;1-3 years;3-May;3;Yes;No;3;3;2;5;5;2;1;A;319
PC;Battle Royale;<1 month;6-Oct;1;No;No;2;1;1;3;3;5;5;B;320
PlayStation;Ranked;1-6 months;20+;5;Yes;Yes;2;5;5;1;7;8;1;A;321
Xbox;Battle Royale;3+ years;3-May;1;No;Yes;5;1;5;2;5;5;5;B;322
Xbox;Limited Time Events;1-6 months;6-Oct;4;No;Yes;2;1;5;3;7;8;1;A;323
PC;Limited Time Events;<1 month;Nov-20;5;No;Yes;2;5;1;1;6;8;3;B;324
Mobile;Limited Time Events;3+ years;0-2;0;No;No;1;2;3;2;2;4;4;B;325
Xbox;Ranked;1-6 months;0-2;2;Yes;Yes;3;3;3;3;5;1;5;B;326
PlayStation;Creative;6-12 months;6-Oct;0;No;No;5;3;4;3;5;1;5;A;327
Xbox;Creative;<1 month;20+;7;Yes;Yes;2;1;3;3;3;5;1;B;328
PlayStation;Battle Royale;<1 month;3-May;2;No;No;5;5;3;4;9;10;2;B;329
PC;Creative;<1 month;6-Oct;4;No;No;2;4;5;5;8;9;2;A;330
PlayStation;Battle Royale;6-12 months;6-Oct;0;No;No;5;2;2;1;5;4;4;A;331
Xbox;Ranked;6-12 months;6-Oct;2;Yes;No;3;1;3;5;5;6;5;B;332
PC;Battle Royale;1-3 years;6-Oct;2;Yes;No;1;3;3;5;7;8;1;A;333
PC;Battle Royale;1-6 months;6-Oct;1;No;No;3;5;1;5;7;8;1;A;334
PC;Battle Royale;1-3 years;6-Oct;1;No;No;3;5;4;3;7;8;2;A;335
PC;Ranked;1-6 months;6-Oct;3;No;Yes;2;1;1;5;4;4;1;B;336
Nintendo Switch;Battle Royale;6-12 months;6-Oct;3;No;Yes;3;4;5;4;7;8;3;A;337
Xbox;Creative;6-12 months;6-Oct;3;No;No;4;3;2;2;4;1;3;B;338
PlayStation;Battle Royale;1-3 years;Nov-20;3;Yes;Yes;4;1;4;3;7;8;1;A;339
PC;Battle Royale;3+ years;0-2;0;No;No;4;4;1;1;5;2;4;A;340
PlayStation;Ranked;1-3 years;Nov-20;2;No;No;5;5;3;2;8;9;3;B;341
PlayStation;Creative;1-6 months;Nov-20;5;Yes;No;3;2;3;2;5;0;3;A;342
PC;Battle Royale;1-3 years;3-May;1;Yes;No;1;3;4;2;5;3;4;A;343
PlayStation;Ranked;<1 month;6-Oct;3;Yes;Yes;1;3;3;5;4;6;3;A;344
PlayStation;Creative;1-6 months;6-Oct;3;No;No;5;4;1;5;8;10;2;A;345
Xbox;Ranked;1-6 months;3-May;2;No;Yes;1;1;1;3;3;5;4;B;346
Xbox;Battle Royale;3+ years;3-May;0;Yes;Yes;4;5;3;5;10;9;2;B;347
PC;Battle Royale;6-12 months;0-2;1;Yes;No;4;4;3;5;8;10;3;B;348
PlayStation;Creative;1-6 months;3-May;1;Yes;No;2;2;5;5;8;10;1;B;349
Xbox;Battle Royale;6-12 months;Nov-20;6;Yes;No;1;2;2;3;5;1;3;B;350
PlayStation;Creative;1-3 years;3-May;0;Yes;Yes;2;2;4;3;5;3;5;B;351
Nintendo Switch;Ranked;<1 month;Nov-20;5;Yes;No;2;4;1;4;6;7;1;B;352
Xbox;Limited Time Events;3+ years;6-Oct;2;No;Yes;2;5;4;4;8;9;1;A;353
PC;Creative;6-12 months;Nov-20;4;Yes;Yes;3;3;5;4;6;7;1;B;354
PC;Limited Time Events;1-6 months;6-Oct;2;No;No;4;1;1;4;5;1;5;B;355
Xbox;Battle Royale;6-12 months;0-2;2;Yes;Yes;4;3;5;2;6;8;2;B;356
PC;Creative;1-6 months;6-Oct;2;No;No;4;5;5;2;9;10;2;A;357
PlayStation;Ranked;6-12 months;0-2;0;No;Yes;4;3;3;4;5;4;4;B;358
Mobile;Ranked;1-6 months;6-Oct;3;No;No;4;4;4;4;9;10;3;B;359
PlayStation;Ranked;1-3 years;20+;7;No;Yes;2;2;4;1;3;2;3;B;360
PlayStation;Creative;1-6 months;3-May;2;No;No;1;5;3;2;4;2;5;A;361
Xbox;Limited Time Events;1-6 months;3-May;0;Yes;No;5;5;4;1;8;10;3;B;362
PlayStation;Creative;<1 month;Nov-20;3;No;Yes;5;3;3;1;7;7;3;A;363
PlayStation;Ranked;1-6 months;Nov-20;2;Yes;Yes;1;4;1;5;7;7;2;A;364
Mobile;Ranked;<1 month;6-Oct;2;No;No;2;3;5;3;7;8;3;A;365
PlayStation;Creative;3+ years;3-May;0;Yes;No;1;3;5;2;7;8;2;A;366
Mobile;Battle Royale;<1 month;6-Oct;0;Yes;No;1;5;4;4;8;10;2;B;367
Mobile;Battle Royale;1-3 years;3-May;2;No;No;5;3;2;4;7;7;1;A;368
PC;Battle Royale;<1 month;Nov-20;5;Yes;No;2;2;5;3;6;8;1;A;369
PC;Battle Royale;3+ years;20+;6;Yes;Yes;4;3;3;2;7;7;2;B;370
PC;Battle Royale;1-3 years;Nov-20;4;Yes;Yes;5;2;2;4;6;8;2;A;371
PC;Battle Royale;6-12 months;Nov-20;1;Yes;No;3;5;2;4;7;7;1;A;372
PC;Battle Royale;6-12 months;0-2;1;No;No;2;4;5;5;8;9;3;A;373
Xbox;Battle Royale;<1 month;Nov-20;3;Yes;No;1;2;5;1;2;2;3;A;374
PC;Limited Time Events;<1 month;Nov-20;4;No;Yes;4;4;5;4;9;9;3;A;375
PC;Ranked;3+ years;0-2;0;Yes;No;4;4;3;2;5;4;4;A;376
Nintendo Switch;Battle Royale;3+ years;Nov-20;5;Yes;Yes;3;2;2;3;5;4;1;B;377
PC;Ranked;1-6 months;3-May;0;No;Yes;5;5;4;5;10;9;3;B;378
Nintendo Switch;Battle Royale;3+ years;6-Oct;1;No;No;4;1;3;2;4;2;4;B;379
PC;Limited Time Events;1-6 months;Nov-20;3;Yes;No;5;4;1;5;9;10;1;B;380
PC;Creative;1-3 years;6-Oct;1;Yes;No;2;4;5;1;4;5;5;A;381
Xbox;Battle Royale;<1 month;0-2;1;No;No;2;5;2;4;8;9;3;A;382
Xbox;Ranked;1-3 years;6-Oct;2;No;No;3;5;3;2;7;8;1;A;383
Nintendo Switch;Creative;3+ years;6-Oct;3;No;No;4;3;1;3;4;4;2;B;384
Xbox;Limited Time Events;1-3 years;20+;7;Yes;No;4;5;3;1;9;10;2;B;385
Nintendo Switch;Ranked;1-3 years;6-Oct;3;No;No;1;4;3;1;4;4;2;A;386
PC;Ranked;1-3 years;3-May;1;No;Yes;5;2;4;5;7;8;3;A;387
PC;Battle Royale;3+ years;Nov-20;5;Yes;No;3;1;4;1;2;6;3;B;388
Xbox;Limited Time Events;1-3 years;6-Oct;1;Yes;No;1;3;3;2;4;1;5;B;389
Nintendo Switch;Battle Royale;1-6 months;6-Oct;2;No;No;3;2;1;5;5;2;5;B;390
Mobile;Limited Time Events;3+ years;6-Oct;2;No;No;2;1;2;1;3;4;4;B;391
PlayStation;Ranked;1-3 years;Nov-20;5;No;No;5;1;2;3;5;6;1;A;392
PlayStation;Ranked;3+ years;6-Oct;3;No;Yes;2;1;5;2;5;1;2;B;393
Xbox;Ranked;6-12 months;6-Oct;2;No;No;2;2;5;3;5;2;5;B;394
PC;Battle Royale;1-6 months;0-2;0;Yes;No;4;3;2;3;4;4;5;A;395
Mobile;Battle Royale;1-3 years;0-2;1;No;Yes;2;3;3;5;7;7;2;A;396
Nintendo Switch;Battle Royale;6-12 months;3-May;0;Yes;No;3;1;3;4;3;5;4;A;397
PlayStation;Battle Royale;6-12 months;3-May;3;No;No;4;2;4;5;7;7;2;B;398
Xbox;Creative;3+ years;6-Oct;2;No;No;4;1;4;2;4;1;4;B;399
Xbox;Battle Royale;6-12 months;Nov-20;4;No;Yes;4;5;5;2;7;7;3;B;400
PC;Battle Royale;1-6 months;6-Oct;1;No;No;5;3;2;5;9;10;3;B;401
Mobile;Limited Time Events;1-6 months;Nov-20;3;Yes;Yes;4;4;3;4;7;7;1;A;402
PlayStation;Creative;<1 month;20+;7;Yes;No;4;1;2;5;7;8;2;A;403
Nintendo Switch;Limited Time Events;1-6 months;Nov-20;4;Yes;No;3;5;1;2;5;0;1;B;404
PC;Limited Time Events;6-12 months;6-Oct;2;No;No;1;3;2;4;7;8;3;B;405
Nintendo Switch;Battle Royale;1-6 months;6-Oct;1;Yes;No;2;2;1;2;3;1;4;B;406
PlayStation;Battle Royale;3+ years;6-Oct;3;No;No;2;3;4;4;6;8;2;A;407
PC;Creative;<1 month;0-2;1;No;Yes;2;2;4;4;7;8;2;B;408
Mobile;Ranked;6-12 months;3-May;1;Yes;No;2;2;5;5;7;7;3;A;409
PC;Battle Royale;<1 month;20+;7;Yes;No;4;1;2;5;5;5;3;B;410
PC;Creative;6-12 months;Nov-20;4;Yes;Yes;1;1;2;5;4;1;1;A;411
Mobile;Battle Royale;3+ years;3-May;2;Yes;No;2;3;1;4;5;4;4;A;412
Mobile;Battle Royale;<1 month;6-Oct;0;No;No;5;5;4;4;10;10;1;B;413
PlayStation;Ranked;1-3 years;Nov-20;4;Yes;Yes;2;3;1;2;2;2;2;A;414
Xbox;Ranked;6-12 months;0-2;0;Yes;No;3;4;4;3;7;7;2;A;415
PlayStation;Ranked;1-3 years;3-May;1;Yes;Yes;3;2;1;5;6;7;2;B;416
PC;Battle Royale;<1 month;Nov-20;4;Yes;No;2;2;4;2;5;6;2;A;417
PC;Creative;1-3 years;6-Oct;2;Yes;No;5;1;1;2;6;7;2;B;418
Xbox;Battle Royale;1-3 years;0-2;1;No;No;3;5;4;1;6;7;1;A;419
Xbox;Battle Royale;<1 month;6-Oct;1;Yes;No;1;1;1;5;4;4;5;A;420
Xbox;Creative;3+ years;Nov-20;4;Yes;No;2;4;2;2;6;7;1;A;421
Xbox;Limited Time Events;1-3 years;6-Oct;3;No;No;1;3;5;1;5;0;2;A;422
PC;Creative;1-3 years;3-May;0;Yes;Yes;3;3;1;5;6;8;1;B;423
PlayStation;Creative;3+ years;3-May;0;No;No;2;5;5;4;8;10;1;B;424
PC;Ranked;1-3 years;6-Oct;1;No;No;5;1;2;1;4;1;5;B;425
PlayStation;Ranked;1-3 years;6-Oct;1;No;Yes;4;1;2;4;5;6;5;A;426
PlayStation;Battle Royale;1-3 years;Nov-20;3;No;No;5;4;4;3;7;7;1;A;427
Nintendo Switch;Ranked;1-6 months;0-2;1;Yes;No;5;3;5;3;9;10;1;B;428
PlayStation;Battle Royale;3+ years;Nov-20;5;Yes;Yes;4;1;3;3;2;6;2;B;429
PC;Battle Royale;1-3 years;0-2;0;No;Yes;4;5;4;3;8;10;1;B;430
PC;Creative;3+ years;3-May;1;No;Yes;4;3;5;2;7;8;1;B;431
Xbox;Ranked;6-12 months;0-2;1;No;No;2;4;1;3;4;6;5;A;432
Xbox;Battle Royale;6-12 months;3-May;0;No;No;2;5;1;2;5;1;4;B;433
PC;Battle Royale;1-3 years;6-Oct;1;No;No;1;2;2;2;4;2;4;A;434
PC;Ranked;3+ years;6-Oct;0;Yes;No;4;4;3;5;9;10;3;B;435
Xbox;Battle Royale;3+ years;3-May;0;Yes;No;5;5;1;2;4;4;5;A;436
PC;Creative;3+ years;6-Oct;1;Yes;No;3;1;5;2;7;7;1;B;437
Nintendo Switch;Ranked;1-6 months;0-2;2;No;No;4;2;5;3;6;8;3;B;438
Xbox;Ranked;6-12 months;Nov-20;1;Yes;Yes;5;4;1;2;7;8;3;A;439
PC;Ranked;3+ years;20+;6;No;Yes;5;1;5;4;8;9;2;A;440
PC;Creative;3+ years;3-May;2;No;Yes;2;2;5;3;5;0;5;B;441
Mobile;Battle Royale;1-6 months;6-Oct;2;No;No;2;3;2;1;5;5;5;A;442
PlayStation;Ranked;1-6 months;3-May;2;No;No;2;1;3;3;4;0;4;B;443
PlayStation;Ranked;3+ years;0-2;0;No;No;1;5;2;2;3;5;4;A;444
Nintendo Switch;Battle Royale;<1 month;3-May;1;No;No;3;4;3;4;8;9;2;B;445
Mobile;Creative;3+ years;Nov-20;2;No;Yes;3;2;5;3;6;8;1;B;446
Mobile;Creative;3+ years;6-Oct;1;No;No;4;1;3;4;5;2;4;B;447
Xbox;Ranked;1-6 months;0-2;0;No;No;3;3;5;1;5;0;5;B;448
PlayStation;Creative;1-6 months;Nov-20;4;Yes;Yes;5;4;5;1;7;8;3;B;449
PC;Creative;3+ years;6-Oct;2;No;No;5;4;2;5;8;9;2;B;450
Xbox;Creative;3+ years;Nov-20;4;Yes;No;1;1;2;5;5;2;3;B;451
PlayStation;Creative;3+ years;6-Oct;1;No;No;3;3;4;3;5;2;5;B;452
PlayStation;Ranked;1-6 months;6-Oct;1;Yes;Yes;2;2;1;5;5;5;4;A;453
Mobile;Ranked;3+ years;0-2;0;No;No;4;1;4;4;6;7;2;A;454
PC;Ranked;3+ years;3-May;0;Yes;Yes;5;2;4;5;10;10;3;A;455
PlayStation;Creative;1-3 years;20+;5;Yes;Yes;4;4;3;4;7;7;3;B;456
PC;Battle Royale;<1 month;3-May;0;No;Yes;4;2;5;5;9;9;1;B;457
PlayStation;Creative;6-12 months;20+;6;Yes;Yes;4;3;5;5;9;9;3;B;458
PC;Creative;<1 month;6-Oct;1;Yes;No;2;5;5;5;8;10;1;A;459
PC;Battle Royale;1-3 years;0-2;0;No;No;3;3;1;2;4;6;5;A;460
PC;Creative;6-12 months;0-2;1;No;Yes;2;2;3;2;4;3;5;A;461
Xbox;Battle Royale;3+ years;3-May;3;Yes;No;4;1;3;5;7;8;1;A;462
Xbox;Battle Royale;1-3 years;20+;6;Yes;No;2;4;5;4;9;10;3;A;463
PlayStation;Creative;3+ years;6-Oct;2;No;No;2;5;4;3;7;8;3;B;464
Mobile;Battle Royale;1-6 months;3-May;2;No;No;2;1;1;1;4;1;5;A;465
PlayStation;Creative;1-3 years;3-May;1;Yes;Yes;3;1;4;2;4;6;5;B;466
PC;Creative;1-6 months;0-2;0;No;No;2;3;2;5;5;6;4;B;467
Nintendo Switch;Ranked;1-3 years;6-Oct;4;No;No;5;2;3;1;5;4;3;B;468
PC;Battle Royale;1-3 years;0-2;0;No;No;2;3;3;2;5;0;4;A;469
Mobile;Battle Royale;1-6 months;Nov-20;4;Yes;Yes;2;2;4;3;5;3;2;A;470
PC;Ranked;6-12 months;3-May;2;Yes;No;2;3;1;4;6;7;2;B;471
Mobile;Limited Time Events;<1 month;3-May;0;Yes;Yes;1;1;3;5;4;5;5;A;472
PC;Ranked;3+ years;6-Oct;2;Yes;No;4;4;4;3;7;8;2;A;473
Nintendo Switch;Battle Royale;1-3 years;6-Oct;2;No;No;4;2;1;2;5;3;4;B;474
PlayStation;Ranked;3+ years;20+;6;Yes;Yes;2;5;4;5;6;7;2;B;475
Mobile;Ranked;1-6 months;6-Oct;2;Yes;No;2;5;1;1;7;7;3;B;476
PC;Creative;3+ years;0-2;1;No;No;2;1;5;4;5;1;4;B;477
PlayStation;Battle Royale;1-6 months;6-Oct;2;Yes;No;1;3;1;2;2;1;4;B;478
Mobile;Creative;3+ years;3-May;1;Yes;No;1;3;2;4;5;1;4;A;479
PlayStation;Ranked;<1 month;0-2;0;No;No;4;1;5;5;8;10;2;B;480
Xbox;Limited Time Events;<1 month;20+;5;Yes;Yes;5;5;4;3;8;9;3;A;481
Xbox;Battle Royale;<1 month;Nov-20;4;Yes;No;3;5;5;4;9;9;3;A;482
PlayStation;Ranked;<1 month;20+;7;Yes;Yes;5;3;5;1;7;8;2;B;483
Xbox;Limited Time Events;<1 month;6-Oct;3;No;No;4;2;4;2;6;7;2;B;484
PlayStation;Battle Royale;<1 month;6-Oct;3;No;Yes;5;4;4;1;7;7;1;A;485
Mobile;Limited Time Events;1-6 months;3-May;2;No;No;4;2;2;4;6;8;2;B;486
PC;Ranked;1-3 years;3-May;1;No;No;1;5;4;3;8;10;3;A;487
PC;Battle Royale;3+ years;Nov-20;5;Yes;No;2;2;3;3;3;6;3;B;488
Mobile;Battle Royale;<1 month;3-May;2;No;Yes;3;4;3;1;5;1;4;B;489
Nintendo Switch;Creative;1-6 months;Nov-20;4;Yes;No;4;2;2;5;7;8;1;A;490
PlayStation;Battle Royale;1-6 months;Nov-20;4;Yes;Yes;2;2;1;5;6;7;3;A;491
Xbox;Ranked;1-6 months;3-May;0;No;No;4;2;1;3;4;1;4;B;492
PC;Battle Royale;1-3 years;6-Oct;2;Yes;No;2;2;3;1;2;2;5;B;493
PC;Ranked;3+ years;6-Oct;3;Yes;No;3;1;4;1;4;2;1;B;494
PlayStation;Battle Royale;1-3 years;3-May;2;Yes;Yes;5;5;2;1;7;8;3;A;495
PlayStation;Creative;6-12 months;Nov-20;5;Yes;Yes;2;4;1;4;7;8;3;B;496
PlayStation;Limited Time Events;1-6 months;6-Oct;3;No;No;4;5;1;5;6;8;1;B;497
PC;Limited Time Events;6-12 months;3-May;1;No;No;5;1;5;5;9;9;1;B;498
Mobile;Creative;<1 month;6-Oct;2;No;No;4;1;3;4;8;10;1;B;499
Mobile;Battle Royale;<1 month;20+;6;Yes;Yes;5;1;4;2;5;6;2;A;500
Xbox;Creative;1-3 years;3-May;1;Yes;No;5;1;2;4;5;0;4;A;501
PlayStation;Battle Royale;3+ years;Nov-20;2;Yes;No;1;2;1;1;2;6;5;A;502
PC;Battle Royale;6-12 months;3-May;2;No;Yes;2;5;5;4;8;9;3;B;503
Nintendo Switch;Battle Royale;3+ years;Nov-20;4;No;No;5;3;3;1;6;8;3;B;504
Xbox;Ranked;1-3 years;Nov-20;3;No;Yes;5;4;3;3;7;8;3;B;505
PC;Creative;<1 month;3-May;0;No;No;1;1;2;1;4;2;4;A;506
Mobile;Ranked;3+ years;3-May;1;Yes;No;2;5;1;5;6;7;2;A;507
Nintendo Switch;Ranked;3+ years;Nov-20;4;Yes;No;4;1;2;4;4;4;1;A;508
Mobile;Battle Royale;<1 month;6-Oct;1;No;No;4;1;2;1;5;5;5;A;509
Xbox;Limited Time Events;6-12 months;Nov-20;3;Yes;Yes;3;1;5;2;2;5;1;B;510
Xbox;Ranked;<1 month;0-2;0;No;No;3;1;3;3;5;5;5;A;511
PlayStation;Ranked;3+ years;Nov-20;3;Yes;No;1;1;4;2;7;8;3;A;512
Mobile;Battle Royale;6-12 months;Nov-20;4;Yes;Yes;2;4;3;2;5;0;3;B;513
Nintendo Switch;Creative;6-12 months;20+;6;No;Yes;4;5;3;2;6;8;1;A;514
PC;Ranked;<1 month;0-2;0;No;Yes;5;1;5;3;7;8;1;B;515
PC;Battle Royale;3+ years;6-Oct;3;Yes;No;5;1;4;3;6;8;1;B;516
PlayStation;Battle Royale;1-3 years;6-Oct;2;No;No;5;1;1;3;5;4;4;B;517
Nintendo Switch;Ranked;3+ years;3-May;1;No;No;1;1;4;3;5;5;5;B;518
Mobile;Ranked;1-6 months;6-Oct;2;Yes;No;5;2;1;2;4;1;5;B;519
PC;Battle Royale;1-3 years;0-2;0;Yes;Yes;2;2;4;5;8;9;2;A;520
PlayStation;Limited Time Events;6-12 months;Nov-20;4;No;No;5;3;2;5;8;10;3;A;521
PlayStation;Battle Royale;1-3 years;6-Oct;1;No;No;4;1;4;3;6;8;2;B;522
Mobile;Ranked;6-12 months;0-2;0;Yes;No;2;3;5;4;6;8;3;A;523
Nintendo Switch;Limited Time Events;6-12 months;6-Oct;2;No;No;2;4;1;1;5;1;5;B;524
Nintendo Switch;Ranked;1-3 years;6-Oct;4;No;No;2;3;3;4;6;7;3;A;525
PlayStation;Ranked;6-12 months;0-2;1;Yes;Yes;3;5;5;4;9;10;1;A;526
PlayStation;Battle Royale;6-12 months;20+;5;Yes;Yes;1;2;1;4;3;5;2;A;527
PC;Battle Royale;1-6 months;20+;5;Yes;Yes;4;2;1;5;5;4;2;A;528
PC;Limited Time Events;3+ years;6-Oct;2;Yes;Yes;3;1;3;1;4;2;5;A;529
Nintendo Switch;Ranked;3+ years;0-2;0;No;No;1;1;2;4;4;3;5;A;530
Nintendo Switch;Creative;1-6 months;Nov-20;4;Yes;No;5;4;5;3;7;7;2;A;531
Mobile;Battle Royale;1-3 years;6-Oct;3;No;Yes;3;4;3;5;7;8;3;B;532
Mobile;Battle Royale;<1 month;3-May;1;No;No;2;5;3;3;7;7;1;B;533
PlayStation;Battle Royale;<1 month;6-Oct;2;No;Yes;3;1;2;3;3;2;5;B;534
Xbox;Ranked;<1 month;6-Oct;3;No;No;5;1;5;4;7;8;1;A;535
Mobile;Battle Royale;1-6 months;6-Oct;1;No;No;1;4;3;3;6;8;2;A;536
Nintendo Switch;Creative;1-6 months;6-Oct;2;No;No;4;4;2;1;3;4;4;B;537
PC;Ranked;6-12 months;6-Oct;1;No;Yes;4;4;5;3;6;7;2;B;538
PlayStation;Limited Time Events;<1 month;20+;7;Yes;Yes;1;2;4;4;6;8;3;A;539
PC;Battle Royale;1-3 years;3-May;0;No;No;5;3;1;3;5;1;4;B;540
Mobile;Creative;1-3 years;Nov-20;2;Yes;No;1;3;2;5;7;8;1;B;541
Xbox;Creative;<1 month;Nov-20;4;Yes;Yes;2;1;1;5;6;7;2;B;542
PC;Creative;<1 month;6-Oct;3;No;No;2;2;4;5;7;8;1;B;543
Xbox;Creative;<1 month;6-Oct;3;No;Yes;4;4;3;2;8;9;1;A;544
Xbox;Creative;1-6 months;6-Oct;1;Yes;No;1;1;3;5;5;1;4;B;545
PlayStation;Ranked;1-6 months;6-Oct;4;No;No;3;2;5;5;8;9;3;B;546
PC;Battle Royale;1-6 months;Nov-20;3;Yes;Yes;2;5;2;2;4;0;2;B;547
Xbox;Battle Royale;3+ years;6-Oct;3;No;No;3;2;2;5;8;10;1;B;548
PlayStation;Limited Time Events;1-3 years;20+;5;Yes;Yes;1;1;5;4;7;8;3;A;549
Xbox;Ranked;1-3 years;0-2;0;Yes;No;5;3;1;5;7;8;1;B;550
PlayStation;Creative;6-12 months;0-2;1;No;No;5;4;3;5;9;10;2;B;551
Nintendo Switch;Ranked;1-6 months;6-Oct;1;No;No;1;5;3;2;7;7;3;B;552
PlayStation;Battle Royale;3+ years;3-May;2;No;No;2;2;2;4;5;2;5;B;553
PlayStation;Battle Royale;3+ years;3-May;1;No;No;3;1;2;3;4;6;4;B;554
Nintendo Switch;Ranked;1-3 years;3-May;1;Yes;No;4;1;5;1;6;8;1;A;555
PlayStation;Ranked;1-6 months;3-May;2;Yes;Yes;5;4;4;4;9;9;2;B;556
PC;Battle Royale;6-12 months;0-2;0;No;No;2;1;1;3;4;4;5;B;557
PC;Ranked;1-6 months;20+;7;Yes;Yes;1;1;4;4;4;5;3;A;558
Xbox;Battle Royale;<1 month;3-May;3;No;No;5;4;4;3;6;7;3;B;559
Xbox;Ranked;1-6 months;Nov-20;3;Yes;No;2;5;2;3;6;8;1;A;560
Xbox;Battle Royale;<1 month;Nov-20;5;Yes;Yes;4;3;2;4;8;10;3;B;561
PC;Creative;<1 month;20+;4;Yes;Yes;4;3;2;2;5;2;1;A;562
PC;Battle Royale;6-12 months;0-2;1;Yes;No;5;2;4;4;9;9;2;A;563
PC;Ranked;1-3 years;Nov-20;3;Yes;No;2;5;1;4;6;7;3;B;564
PlayStation;Battle Royale;1-6 months;6-Oct;3;Yes;Yes;4;2;2;3;5;2;1;A;565
PlayStation;Battle Royale;<1 month;6-Oct;3;Yes;No;5;3;3;1;6;8;3;B;566
PlayStation;Battle Royale;1-6 months;6-Oct;4;No;Yes;4;4;1;3;6;7;3;A;567
PlayStation;Ranked;1-3 years;Nov-20;5;Yes;Yes;4;1;3;5;7;8;2;A;568
Mobile;Ranked;1-3 years;3-May;1;No;No;4;3;1;4;6;8;3;B;569
PC;Battle Royale;3+ years;Nov-20;3;Yes;Yes;3;5;2;4;9;9;2;A;570
PlayStation;Ranked;1-3 years;6-Oct;3;No;No;2;3;5;2;8;10;3;B;571
Xbox;Creative;6-12 months;Nov-20;4;Yes;Yes;5;5;2;3;8;10;3;A;572
PlayStation;Creative;<1 month;20+;7;No;Yes;5;5;4;2;9;9;3;A;573
Xbox;Battle Royale;3+ years;3-May;0;No;Yes;3;5;4;4;6;8;3;B;574
Nintendo Switch;Ranked;6-12 months;20+;7;Yes;Yes;2;2;1;3;5;5;3;B;575
Mobile;Battle Royale;1-6 months;0-2;1;No;Yes;2;4;4;3;7;8;3;A;576
PC;Battle Royale;<1 month;0-2;0;No;No;2;3;2;5;7;7;2;B;577
Mobile;Limited Time Events;1-3 years;0-2;1;No;Yes;1;4;3;5;7;7;2;B;578
PlayStation;Battle Royale;<1 month;3-May;2;No;No;5;1;2;1;1;4;5;A;579
PC;Ranked;1-6 months;6-Oct;2;No;Yes;1;3;1;5;5;0;4;A;580
PlayStation;Ranked;3+ years;0-2;0;No;No;4;4;4;3;7;7;2;B;581
Mobile;Creative;3+ years;0-2;0;Yes;No;4;4;3;5;7;8;3;A;582
PlayStation;Ranked;3+ years;20+;7;No;Yes;5;1;5;1;6;7;3;B;583
PC;Battle Royale;1-3 years;Nov-20;4;Yes;Yes;5;5;3;4;8;10;2;B;584
Xbox;Battle Royale;6-12 months;Nov-20;4;No;Yes;3;3;3;5;6;8;3;B;585
PC;Ranked;6-12 months;Nov-20;5;Yes;Yes;1;3;2;3;4;2;2;B;586
PC;Battle Royale;<1 month;Nov-20;4;Yes;No;2;1;5;4;5;1;2;B;587
PC;Battle Royale;1-3 years;0-2;1;Yes;No;5;5;1;3;8;10;1;B;588
PC;Battle Royale;3+ years;3-May;1;Yes;No;1;3;1;4;4;3;5;A;589
PC;Battle Royale;3+ years;Nov-20;3;No;Yes;3;3;3;3;5;5;1;B;590
PC;Battle Royale;1-6 months;3-May;0;No;No;5;3;3;5;8;9;1;A;591
Xbox;Battle Royale;1-6 months;6-Oct;2;Yes;No;2;5;4;5;8;9;3;B;592
PC;Ranked;3+ years;0-2;1;No;No;4;1;5;1;6;7;3;A;593
PC;Ranked;3+ years;3-May;1;No;No;1;3;3;4;3;0;4;A;594
Nintendo Switch;Creative;1-3 years;6-Oct;2;Yes;Yes;5;4;4;1;8;9;2;A;595
PlayStation;Battle Royale;6-12 months;6-Oct;3;Yes;No;2;5;5;2;8;10;2;B;596
Xbox;Battle Royale;1-6 months;6-Oct;2;No;Yes;5;2;1;5;6;7;2;A;597
PC;Battle Royale;6-12 months;6-Oct;2;No;No;1;1;4;4;4;2;4;A;598
PC;Ranked;1-3 years;0-2;0;Yes;No;5;4;5;1;6;7;3;B;599
PC;Creative;3+ years;0-2;0;No;No;5;3;4;1;5;0;4;A;600
PC;Battle Royale;6-12 months;Nov-20;5;No;Yes;3;2;3;2;5;3;2;A;601
PC;Limited Time Events;3+ years;6-Oct;2;No;No;1;1;2;1;1;6;5;B;602
PC;Battle Royale;3+ years;0-2;2;No;No;1;5;1;3;4;0;5;A;603
PC;Ranked;<1 month;Nov-20;3;No;No;2;2;3;5;8;10;3;A;604
PC;Creative;6-12 months;3-May;1;No;No;5;2;3;1;4;2;5;B;605
PlayStation;Creative;6-12 months;6-Oct;2;No;No;3;4;5;1;7;7;2;A;606
PC;Creative;3+ years;0-2;1;No;Yes;4;1;4;2;6;8;3;A;607
PlayStation;Creative;1-3 years;Nov-20;5;No;No;2;4;1;3;3;6;1;A;608
PlayStation;Battle Royale;<1 month;6-Oct;3;No;No;3;4;3;1;6;8;3;A;609
Xbox;Creative;3+ years;3-May;2;Yes;Yes;5;3;5;5;9;10;1;B;610
PC;Battle Royale;1-6 months;Nov-20;4;Yes;Yes;4;5;1;5;7;8;2;B;611
Xbox;Creative;1-6 months;6-Oct;2;No;No;2;2;4;1;4;6;5;B;612
Xbox;Ranked;<1 month;3-May;0;No;No;2;1;3;3;4;2;5;B;613
PC;Creative;1-3 years;3-May;2;No;Yes;2;5;3;5;8;10;1;A;614
Nintendo Switch;Ranked;3+ years;3-May;1;No;No;5;5;3;5;10;10;2;B;615
Mobile;Ranked;6-12 months;0-2;0;Yes;No;5;1;1;3;6;8;1;B;616
PC;Ranked;<1 month;6-Oct;2;No;No;3;5;1;3;5;0;4;A;617
PC;Creative;1-3 years;Nov-20;4;Yes;Yes;2;3;1;1;3;4;2;A;618
Nintendo Switch;Battle Royale;6-12 months;6-Oct;2;Yes;No;5;5;1;4;10;10;3;A;619
Xbox;Battle Royale;1-6 months;3-May;0;Yes;No;2;3;5;2;6;7;3;B;620
PC;Battle Royale;1-6 months;0-2;0;No;No;3;2;2;4;8;10;3;A;621
PC;Battle Royale;6-12 months;3-May;1;Yes;No;4;2;5;4;9;10;2;A;622
PlayStation;Creative;<1 month;6-Oct;1;Yes;Yes;1;4;3;5;7;8;2;A;623
PlayStation;Battle Royale;1-6 months;Nov-20;3;No;Yes;3;3;5;3;7;7;3;B;624
Xbox;Limited Time Events;3+ years;3-May;1;No;No;5;2;4;5;8;9;1;B;625
PlayStation;Battle Royale;6-12 months;Nov-20;4;Yes;No;2;5;1;2;3;3;3;B;626
PlayStation;Battle Royale;6-12 months;Nov-20;4;Yes;No;4;1;4;1;5;2;2;B;627
Xbox;Creative;1-6 months;6-Oct;3;Yes;Yes;5;1;4;2;7;8;1;B;628
PC;Ranked;<1 month;Nov-20;2;No;No;3;3;3;5;6;7;1;B;629
PC;Ranked;3+ years;6-Oct;1;No;Yes;1;4;1;5;6;7;2;B;630
Xbox;Ranked;<1 month;6-Oct;2;No;Yes;3;5;4;5;9;9;1;A;631
Nintendo Switch;Creative;1-3 years;6-Oct;1;No;No;1;3;3;5;5;1;5;A;632
PlayStation;Battle Royale;1-3 years;6-Oct;3;No;No;4;1;1;4;5;3;2;A;633
PlayStation;Limited Time Events;1-6 months;3-May;2;No;No;3;3;2;1;3;4;4;B;634
PC;Limited Time Events;1-6 months;3-May;1;No;No;2;5;3;4;6;7;2;B;635
PlayStation;Ranked;1-6 months;3-May;0;No;Yes;3;2;5;5;6;8;2;A;636
PlayStation;Battle Royale;1-3 years;6-Oct;3;No;No;2;5;1;3;5;1;1;A;637
PC;Ranked;<1 month;0-2;0;No;Yes;3;2;4;4;7;8;2;B;638
PC;Battle Royale;<1 month;20+;5;No;Yes;2;2;4;5;6;7;2;B;639
PlayStation;Battle Royale;1-6 months;Nov-20;2;No;No;3;2;5;5;7;8;1;B;640
PC;Battle Royale;3+ years;6-Oct;4;No;No;3;3;5;1;5;4;2;B;641
PC;Ranked;<1 month;3-May;2;No;No;4;1;4;2;6;7;1;B;642
PC;Creative;1-3 years;Nov-20;1;Yes;Yes;2;3;1;4;6;8;1;B;643
PC;Creative;6-12 months;Nov-20;2;No;Yes;5;1;3;4;7;8;2;B;644
PC;Creative;6-12 months;Nov-20;5;Yes;No;2;5;5;4;8;9;3;B;645
Nintendo Switch;Ranked;6-12 months;3-May;1;No;No;5;4;5;5;9;9;2;A;646
PlayStation;Battle Royale;3+ years;6-Oct;3;No;No;5;5;5;1;6;8;3;B;647
Xbox;Battle Royale;1-6 months;0-2;0;No;Yes;5;3;2;5;9;10;1;B;648
Xbox;Limited Time Events;1-3 years;3-May;2;No;No;3;3;1;5;5;1;4;B;649
PlayStation;Battle Royale;3+ years;Nov-20;4;Yes;Yes;5;1;1;3;6;8;2;A;650
PC;Creative;1-3 years;Nov-20;3;Yes;Yes;2;3;1;1;5;4;2;A;651
PlayStation;Ranked;1-3 years;6-Oct;3;No;No;4;2;1;4;5;0;3;B;652
PlayStation;Ranked;1-6 months;Nov-20;4;No;Yes;3;3;1;2;6;8;2;A;653
Xbox;Creative;6-12 months;6-Oct;3;No;No;3;1;4;4;7;8;3;A;654
PlayStation;Ranked;1-6 months;6-Oct;2;No;No;5;1;5;5;10;10;1;A;655
PC;Creative;3+ years;3-May;1;No;No;4;2;4;1;4;0;5;B;656
PC;Limited Time Events;3+ years;20+;7;Yes;Yes;5;1;2;1;3;3;3;B;657
PlayStation;Ranked;3+ years;0-2;1;No;No;5;4;3;1;5;0;5;B;658
Xbox;Battle Royale;1-6 months;20+;6;Yes;Yes;5;5;5;3;9;9;3;B;659
PlayStation;Ranked;1-3 years;Nov-20;5;Yes;No;2;3;2;4;6;7;1;B;660
PlayStation;Limited Time Events;1-3 years;0-2;0;No;No;1;4;4;3;6;8;1;B;661
Mobile;Battle Royale;<1 month;6-Oct;4;No;No;3;3;3;2;3;0;1;B;662
Xbox;Ranked;3+ years;Nov-20;4;Yes;Yes;2;4;2;5;7;8;3;A;663
PC;Ranked;1-3 years;6-Oct;1;No;No;3;3;3;3;7;7;1;B;664
PC;Creative;<1 month;20+;7;Yes;Yes;3;2;2;3;5;5;2;B;665
PC;Battle Royale;1-3 years;20+;6;Yes;Yes;1;1;4;5;6;8;1;B;666
PC;Creative;3+ years;6-Oct;2;No;No;4;1;3;1;4;3;4;B;667
PC;Limited Time Events;6-12 months;3-May;2;No;Yes;2;2;2;5;6;8;2;B;668
PC;Battle Royale;3+ years;20+;7;Yes;Yes;5;4;4;4;9;10;3;B;669
PC;Battle Royale;1-6 months;6-Oct;2;No;No;5;5;5;5;10;10;2;B;670
PC;Limited Time Events;1-3 years;0-2;0;Yes;Yes;5;4;4;1;6;8;3;B;671
Nintendo Switch;Battle Royale;1-3 years;0-2;0;No;No;4;1;4;5;6;7;3;A;672
PC;Creative;1-6 months;6-Oct;2;No;No;2;5;5;3;7;7;2;A;673
PlayStation;Ranked;1-6 months;20+;6;Yes;No;2;3;4;2;5;6;1;B;674
PlayStation;Battle Royale;6-12 months;Nov-20;5;No;Yes;4;5;5;3;7;8;2;B;675
Mobile;Creative;1-3 years;6-Oct;3;Yes;No;5;4;5;2;8;10;2;A;676
PC;Ranked;1-3 years;0-2;0;Yes;No;3;2;5;5;8;9;2;B;677
PlayStation;Ranked;6-12 months;3-May;2;No;No;1;3;2;4;6;7;2;B;678
Mobile;Battle Royale;<1 month;Nov-20;5;No;No;5;4;3;5;10;9;2;A;679
Nintendo Switch;Ranked;6-12 months;3-May;0;No;No;3;3;2;1;4;5;4;B;680
Nintendo Switch;Battle Royale;3+ years;3-May;1;Yes;No;1;5;5;5;7;8;3;B;681
PC;Battle Royale;1-3 years;0-2;3;No;Yes;3;1;3;2;4;2;1;B;682
PC;Limited Time Events;1-6 months;6-Oct;3;No;No;2;4;3;3;6;8;1;A;683
Xbox;Battle Royale;3+ years;20+;6;Yes;Yes;1;2;5;4;4;1;2;A;684
Mobile;Ranked;1-3 years;3-May;0;No;No;4;5;3;5;10;10;1;B;685
PlayStation;Battle Royale;6-12 months;6-Oct;1;No;Yes;2;4;3;5;7;7;1;A;686
PlayStation;Creative;3+ years;6-Oct;3;Yes;No;2;2;2;3;5;3;2;A;687
PC;Battle Royale;1-3 years;20+;7;Yes;Yes;1;4;3;4;7;7;3;A;688
Xbox;Limited Time Events;<1 month;0-2;1;No;Yes;5;5;5;5;9;10;3;B;689
PC;Ranked;<1 month;6-Oct;2;No;No;5;4;1;5;8;9;1;A;690
PC;Battle Royale;1-6 months;3-May;1;Yes;No;1;3;1;2;3;3;5;A;691
PlayStation;Battle Royale;1-3 years;Nov-20;4;No;Yes;2;5;1;2;5;6;3;A;692
PlayStation;Battle Royale;<1 month;6-Oct;1;Yes;No;2;4;5;1;5;4;4;B;693
PC;Ranked;6-12 months;0-2;0;Yes;No;1;1;1;3;5;1;4;A;694
PC;Battle Royale;1-3 years;6-Oct;4;No;No;4;4;2;4;7;7;1;A;695
Xbox;Creative;6-12 months;Nov-20;3;Yes;Yes;5;3;5;5;10;10;1;B;696
PC;Ranked;6-12 months;0-2;0;No;No;3;2;5;5;6;8;1;A;697
PlayStation;Battle Royale;<1 month;Nov-20;4;No;No;1;2;5;1;5;6;2;A;698
PC;Ranked;1-3 years;3-May;2;Yes;No;5;2;3;5;9;10;2;A;699
PlayStation;Creative;3+ years;6-Oct;2;No;No;5;1;3;3;6;8;2;B;700